id,season,source,rank,name,pos,nflTeam
2025-K-jamarr-chase,2025,FantasyPros ADP,1,Ja'Marr Chase,K,WR
2025-K-bijan-robinson,2025,FantasyPros ADP,2,Bijan Robinson,K,RB
2025-K-saquon-barkley,2025,FantasyPros ADP,3,Saquon Barkley,K,RB
2025-K-jahmyr-gibbs,2025,FantasyPros ADP,4,Jahmyr Gibbs,K,RB
2025-K-justin-jefferson,2025,FantasyPros ADP,5,Justin Jefferson,K,WR
2025-K-ceedee-lamb,2025,FantasyPros ADP,6,CeeDee Lamb,K,WR
2025-K-christian-mccaffrey,2025,FantasyPros ADP,7,Christian McCaffrey,K,RB
2025-K-amon-ra-st-brown,2025,FantasyPros ADP,8,Amon-Ra St. Brown,K,WR
2025-K-malik-nabers,2025,FantasyPros ADP,9,Malik Nabers,K,WR
2025-K-derrick-henry,2025,FantasyPros ADP,10,Derrick Henry,K,RB
2025-K-ashton-jeanty,2025,FantasyPros ADP,11,Ashton Jeanty,K,RB
2025-K-puka-nacua,2025,FantasyPros ADP,12,Puka Nacua,K,WR
2025-K-nico-collins,2025,FantasyPros ADP,13,Nico Collins,K,WR
2025-K-devon-achane,2025,FantasyPros ADP,14,De'Von Achane,K,RB
2025-K-brian-thomas-jr,2025,FantasyPros ADP,15,Brian Thomas Jr,K,WR
2025-K-josh-jacobs,2025,FantasyPros ADP,16,Josh Jacobs,K,RB
2025-K-drake-london,2025,FantasyPros ADP,17,Drake London,K,WR
2025-K-brock-bowers,2025,FantasyPros ADP,18,Brock Bowers,K,TE
2025-K-jonathan-taylor,2025,FantasyPros ADP,19,Jonathan Taylor,K,RB
2025-K-aj-brown,2025,FantasyPros ADP,20,A.J. Brown,K,WR
2025-K-josh-allen,2025,FantasyPros ADP,21,Josh Allen,K,QB
2025-K-chase-brown,2025,FantasyPros ADP,22,Chase Brown,K,RB
2025-K-bucky-irving,2025,FantasyPros ADP,23,Bucky Irving,K,RB
2025-K-lamar-jackson,2025,FantasyPros ADP,24,Lamar Jackson,K,QB
2025-K-kyren-williams,2025,FantasyPros ADP,25,Kyren Williams,K,RB
2025-K-ladd-mcconkey,2025,FantasyPros ADP,26,Ladd McConkey,K,WR
2025-K-trey-mcbride,2025,FantasyPros ADP,27,Trey McBride,K,TE
2025-K-james-cook,2025,FantasyPros ADP,28,James Cook,K,RB
2025-K-tee-higgins,2025,FantasyPros ADP,29,Tee Higgins,K,WR
2025-K-jayden-daniels,2025,FantasyPros ADP,30,Jayden Daniels,K,QB
2025-K-tyreek-hill,2025,FantasyPros ADP,31,Tyreek Hill,K,WR
2025-K-joe-burrow,2025,FantasyPros ADP,32,Joe Burrow,K,QB
2025-K-jaxon-smith-njigba,2025,FantasyPros ADP,33,Jaxon Smith-Njigba,K,WR
2025-K-jalen-hurts,2025,FantasyPros ADP,34,Jalen Hurts,K,QB
2025-K-omarion-hampton,2025,FantasyPros ADP,35,Omarion Hampton,K,RB
2025-K-alvin-kamara,2025,FantasyPros ADP,36,Alvin Kamara,K,RB
2025-K-breece-hall,2025,FantasyPros ADP,37,Breece Hall,K,RB
2025-K-george-kittle,2025,FantasyPros ADP,38,George Kittle,K,TE
2025-K-terry-mclaurin,2025,FantasyPros ADP,39,Terry McLaurin,K,WR
2025-K-mike-evans,2025,FantasyPros ADP,40,Mike Evans,K,WR
2025-K-garrett-wilson,2025,FantasyPros ADP,41,Garrett Wilson,K,WR
2025-K-davante-adams,2025,FantasyPros ADP,42,Davante Adams,K,WR
2025-K-kenneth-walker,2025,FantasyPros ADP,43,Kenneth Walker,K,RB
2025-K-marvin-harrison-jr,2025,FantasyPros ADP,44,Marvin Harrison Jr,K,WR
2025-K-chuba-hubbard,2025,FantasyPros ADP,45,Chuba Hubbard,K,RB
2025-K-treveyon-henderson,2025,FantasyPros ADP,46,TreVeyon Henderson,K,RB
2025-K-james-conner,2025,FantasyPros ADP,47,James Conner,K,RB
2025-K-dj-moore,2025,FantasyPros ADP,48,DJ Moore,K,WR
2025-K-dk-metcalf,2025,FantasyPros ADP,49,DK Metcalf,K,WR
2025-K-patrick-mahomes,2025,FantasyPros ADP,50,Patrick Mahomes,K,QB
2025-K-courtland-sutton,2025,FantasyPros ADP,51,Courtland Sutton,K,WR
2025-K-sam-laporta,2025,FantasyPros ADP,52,Sam LaPorta,K,TE
2025-K-xavier-worthy,2025,FantasyPros ADP,53,Xavier Worthy,K,WR
2025-K-dandre-swift,2025,FantasyPros ADP,54,D'Andre Swift,K,RB
2025-K-devonta-smith,2025,FantasyPros ADP,55,DeVonta Smith,K,WR
2025-K-david-montgomery,2025,FantasyPros ADP,56,David Montgomery,K,RB
2025-K-jameson-williams,2025,FantasyPros ADP,57,Jameson Williams,K,WR
2025-K-isiah-pacheco,2025,FantasyPros ADP,58,Isiah Pacheco,K,RB
2025-K-zay-flowers,2025,FantasyPros ADP,59,Zay Flowers,K,WR
2025-K-rj-harvey,2025,FantasyPros ADP,60,RJ Harvey,K,RB
2025-K-tetairoa-mcmillan,2025,FantasyPros ADP,61,Tetairoa McMillan,K,WR
2025-K-travis-kelce,2025,FantasyPros ADP,62,Travis Kelce,K,TE
2025-K-baker-mayfield,2025,FantasyPros ADP,63,Baker Mayfield,K,QB
2025-K-calvin-ridley,2025,FantasyPros ADP,64,Calvin Ridley,K,WR
2025-K-tj-hockenson,2025,FantasyPros ADP,65,T.J. Hockenson,K,TE
2025-K-george-pickens,2025,FantasyPros ADP,66,George Pickens,K,WR
2025-K-aaron-jones-sr,2025,FantasyPros ADP,67,Aaron Jones Sr,K,RB
2025-K-rashee-rice,2025,FantasyPros ADP,68,Rashee Rice,K,WR
2025-K-tony-pollard,2025,FantasyPros ADP,69,Tony Pollard,K,RB
2025-K-travis-hunter,2025,FantasyPros ADP,70,Travis Hunter,K,WR
2025-K-bo-nix,2025,FantasyPros ADP,71,Bo Nix,K,QB
2025-K-jaylen-waddle,2025,FantasyPros ADP,72,Jaylen Waddle,K,WR
2025-K-mark-andrews,2025,FantasyPros ADP,73,Mark Andrews,K,TE
2025-K-jerry-jeudy,2025,FantasyPros ADP,74,Jerry Jeudy,K,WR
2025-K-kaleb-johnson,2025,FantasyPros ADP,75,Kaleb Johnson,K,RB
2025-K-tyrone-tracy-jr,2025,FantasyPros ADP,76,Tyrone Tracy Jr,K,RB
2025-K-rome-odunze,2025,FantasyPros ADP,77,Rome Odunze,K,WR
2025-K-chris-olave,2025,FantasyPros ADP,78,Chris Olave,K,WR
2025-K-evan-engram,2025,FantasyPros ADP,79,Evan Engram,K,TE
2025-K-deebo-samuel-sr,2025,FantasyPros ADP,80,Deebo Samuel Sr,K,WR
2025-K-david-njoku,2025,FantasyPros ADP,81,David Njoku,K,TE
2025-K-stefon-diggs,2025,FantasyPros ADP,82,Stefon Diggs,K,WR
2025-K-kyler-murray,2025,FantasyPros ADP,83,Kyler Murray,K,QB
2025-K-jaylen-warren,2025,FantasyPros ADP,84,Jaylen Warren,K,RB
2025-K-ricky-pearsall,2025,FantasyPros ADP,85,Ricky Pearsall,K,WR
2025-K-jakobi-meyers,2025,FantasyPros ADP,86,Jakobi Meyers,K,WR
2025-K-cooper-kupp,2025,FantasyPros ADP,87,Cooper Kupp,K,WR
2025-K-emeka-egbuka,2025,FantasyPros ADP,88,Emeka Egbuka,K,WR
2025-K-tyler-warren,2025,FantasyPros ADP,89,Tyler Warren,K,TE
2025-K-matthew-golden,2025,FantasyPros ADP,90,Matthew Golden,K,WR
2025-K-jordan-addison,2025,FantasyPros ADP,91,Jordan Addison,K,WR
2025-K-travis-etienne-jr,2025,FantasyPros ADP,92,Travis Etienne Jr,K,RB
2025-K-brock-purdy,2025,FantasyPros ADP,93,Brock Purdy,K,QB
2025-K-dak-prescott,2025,FantasyPros ADP,94,Dak Prescott,K,QB
2025-K-khalil-shakir,2025,FantasyPros ADP,95,Khalil Shakir,K,WR
2025-K-chris-godwin-jr,2025,FantasyPros ADP,96,Chris Godwin Jr,K,WR
2025-K-jacory-croskey-merritt,2025,FantasyPros ADP,97,Jacory Croskey-Merritt,K,RB
2025-K-joe-mixon,2025,FantasyPros ADP,98,Joe Mixon,K,RB
2025-K-jordan-mason,2025,FantasyPros ADP,99,Jordan Mason,K,RB
2025-K-cam-skattebo,2025,FantasyPros ADP,100,Cam Skattebo,K,RB
2025-K-jared-goff,2025,FantasyPros ADP,101,Jared Goff,K,QB
2025-K-brandon-aubrey,2025,FantasyPros ADP,102,Brandon Aubrey,K,
2025-DEF-denver-broncos,2025,FantasyPros ADP,103,Denver Broncos,DEF,DST
2025-K-jk-dobbins,2025,FantasyPros ADP,104,J.K. Dobbins,K,RB
2025-K-jauan-jennings,2025,FantasyPros ADP,105,Jauan Jennings,K,WR
2025-K-javonte-williams,2025,FantasyPros ADP,106,Javonte Williams,K,RB
2025-K-zach-charbonnet,2025,FantasyPros ADP,107,Zach Charbonnet,K,RB
2025-K-tucker-kraft,2025,FantasyPros ADP,108,Tucker Kraft,K,TE
2025-K-justin-fields,2025,FantasyPros ADP,109,Justin Fields,K,QB
2025-K-justin-herbert,2025,FantasyPros ADP,110,Justin Herbert,K,QB
2025-K-michael-pittman-jr,2025,FantasyPros ADP,111,Michael Pittman Jr,K,WR
2025-DEF-philadelphia-eagles,2025,FantasyPros ADP,112,Philadelphia Eagles,DEF,DST
2025-K-rhamondre-stevenson,2025,FantasyPros ADP,113,Rhamondre Stevenson,K,RB
2025-K-quinshon-judkins,2025,FantasyPros ADP,114,Quinshon Judkins,K,RB
2025-K-colston-loveland,2025,FantasyPros ADP,115,Colston Loveland,K,TE
2025-K-austin-ekeler,2025,FantasyPros ADP,116,Austin Ekeler,K,RB
2025-K-keon-coleman,2025,FantasyPros ADP,117,Keon Coleman,K,WR
2025-K-caleb-williams,2025,FantasyPros ADP,118,Caleb Williams,K,QB
2025-DEF-baltimore-ravens,2025,FantasyPros ADP,119,Baltimore Ravens,DEF,DST
2025-K-brian-robinson-jr,2025,FantasyPros ADP,120,Brian Robinson Jr,K,RB
2025-K-jayden-reed,2025,FantasyPros ADP,121,Jayden Reed,K,WR
2025-K-josh-downs,2025,FantasyPros ADP,122,Josh Downs,K,WR
2025-K-dalton-kincaid,2025,FantasyPros ADP,123,Dalton Kincaid,K,TE
2025-K-drake-maye,2025,FantasyPros ADP,124,Drake Maye,K,QB
2025-K-jake-bates,2025,FantasyPros ADP,125,Jake Bates,K,
2025-K-cj-stroud,2025,FantasyPros ADP,126,C.J. Stroud,K,QB
2025-K-cameron-dicker,2025,FantasyPros ADP,127,Cameron Dicker,K,
2025-K-tank-bigsby,2025,FantasyPros ADP,128,Tank Bigsby,K,RB
2025-DEF-pittsburgh-steelers,2025,FantasyPros ADP,129,Pittsburgh Steelers,DEF,DST
2025-K-kyle-pitts-sr,2025,FantasyPros ADP,130,Kyle Pitts Sr,K,TE
2025-K-najee-harris,2025,FantasyPros ADP,131,Najee Harris,K,RB
2025-DEF-buffalo-bills,2025,FantasyPros ADP,132,Buffalo Bills,DEF,DST
2025-K-nick-chubb,2025,FantasyPros ADP,133,Nick Chubb,K,RB
2025-K-jordan-love,2025,FantasyPros ADP,134,Jordan Love,K,QB
2025-K-jake-ferguson,2025,FantasyPros ADP,135,Jake Ferguson,K,TE
2025-K-darnell-mooney,2025,FantasyPros ADP,136,Darnell Mooney,K,WR
2025-DEF-houston-texans,2025,FantasyPros ADP,137,Houston Texans,DEF,DST
2025-K-jaydon-blue,2025,FantasyPros ADP,138,Jaydon Blue,K,RB
2025-K-dallas-goedert,2025,FantasyPros ADP,139,Dallas Goedert,K,TE
2025-K-rachaad-white,2025,FantasyPros ADP,140,Rachaad White,K,RB
2025-K-jj-mccarthy,2025,FantasyPros ADP,141,J.J. McCarthy,K,QB
2025-K-brandon-aiyuk,2025,FantasyPros ADP,142,Brandon Aiyuk,K,WR
2025-K-rashid-shaheed,2025,FantasyPros ADP,143,Rashid Shaheed,K,WR
2025-DEF-minnesota-vikings,2025,FantasyPros ADP,144,Minnesota Vikings,DEF,DST
2025-K-braelon-allen,2025,FantasyPros ADP,145,Braelon Allen,K,RB
2025-K-chase-mclaughlin,2025,FantasyPros ADP,146,Chase McLaughlin,K,
2025-K-jayden-higgins,2025,FantasyPros ADP,147,Jayden Higgins,K,WR
2025-K-keenan-allen,2025,FantasyPros ADP,148,Keenan Allen,K,WR
2025-K-jonnu-smith,2025,FantasyPros ADP,149,Jonnu Smith,K,TE
2025-K-christian-kirk,2025,FantasyPros ADP,150,Christian Kirk,K,WR
2025-K-marvin-mims-jr,2025,FantasyPros ADP,151,Marvin Mims Jr,K,WR
2025-K-bhayshul-tuten,2025,FantasyPros ADP,152,Bhayshul Tuten,K,RB
2025-K-zach-ertz,2025,FantasyPros ADP,153,Zach Ertz,K,TE
2025-K-trey-benson,2025,FantasyPros ADP,154,Trey Benson,K,RB
2025-K-trevor-lawrence,2025,FantasyPros ADP,155,Trevor Lawrence,K,QB
2025-K-chris-boswell,2025,FantasyPros ADP,156,Chris Boswell,K,
2025-K-jerome-ford,2025,FantasyPros ADP,157,Jerome Ford,K,RB
2025-K-hunter-henry,2025,FantasyPros ADP,158,Hunter Henry,K,TE
2025-K-adam-thielen,2025,FantasyPros ADP,159,Adam Thielen,K,WR
2025-K-marquise-brown,2025,FantasyPros ADP,160,Marquise Brown,K,WR
2025-K-kaimi-fairbairn,2025,FantasyPros ADP,161,Ka'imi Fairbairn,K,
2025-K-tyler-allgeier,2025,FantasyPros ADP,162,Tyler Allgeier,K,RB
2025-K-tyjae-spears,2025,FantasyPros ADP,163,Tyjae Spears,K,RB
2025-DEF-detroit-lions,2025,FantasyPros ADP,164,Detroit Lions,DEF,DST
2025-DEF-san-francisco-49ers,2025,FantasyPros ADP,165,San Francisco 49ers,DEF,DST
2025-K-luther-burden,2025,FantasyPros ADP,166,Luther Burden,K,WR
2025-K-jake-elliott,2025,FantasyPros ADP,167,Jake Elliott,K,
2025-K-tua-tagovailoa,2025,FantasyPros ADP,168,Tua Tagovailoa,K,QB
2025-K-rashod-bateman,2025,FantasyPros ADP,169,Rashod Bateman,K,WR
2025-K-ray-davis,2025,FantasyPros ADP,170,Ray Davis,K,RB
2025-K-tyler-bass,2025,FantasyPros ADP,171,Tyler Bass,K,
2025-K-harrison-butker,2025,FantasyPros ADP,172,Harrison Butker,K,
2025-K-cam-ward,2025,FantasyPros ADP,173,Cam Ward,K,QB
2025-DEF-kansas-city-chiefs,2025,FantasyPros ADP,174,Kansas City Chiefs,DEF,DST
2025-K-matthew-stafford,2025,FantasyPros ADP,175,Matthew Stafford,K,QB
2025-K-xavier-legette,2025,FantasyPros ADP,176,Xavier Legette,K,WR
2025-DEF-green-bay-packers,2025,FantasyPros ADP,177,Green Bay Packers,DEF,DST
2025-K-ollie-gordon,2025,FantasyPros ADP,178,Ollie Gordon,K,RB
2025-K-cam-little,2025,FantasyPros ADP,179,Cam Little,K,
2025-K-dylan-sampson,2025,FantasyPros ADP,180,Dylan Sampson,K,RB
2025-K-isaiah-likely,2025,FantasyPros ADP,181,Isaiah Likely,K,TE
2025-K-michael-penix-jr,2025,FantasyPros ADP,182,Michael Penix Jr,K,QB
2025-K-bryce-young,2025,FantasyPros ADP,183,Bryce Young,K,QB
2025-K-wandale-robinson,2025,FantasyPros ADP,184,Wan'Dale Robinson,K,WR
2025-K-tyler-loop,2025,FantasyPros ADP,185,Tyler Loop,K,
2025-DEF-seattle-seahawks,2025,FantasyPros ADP,186,Seattle Seahawks,DEF,DST
2025-K-wil-lutz,2025,FantasyPros ADP,187,Wil Lutz,K,
2025-K-darren-waller,2025,FantasyPros ADP,188,Darren Waller,K,TE
2025-K-geno-smith,2025,FantasyPros ADP,189,Geno Smith,K,QB
2025-K-brenton-strange,2025,FantasyPros ADP,190,Brenton Strange,K,TE
2025-K-cedric-tillman,2025,FantasyPros ADP,191,Cedric Tillman,K,WR
2025-K-jaylen-wright,2025,FantasyPros ADP,192,Jaylen Wright,K,RB
2025-DEF-arizona-cardinals,2025,FantasyPros ADP,193,Arizona Cardinals,DEF,DST
2025-K-evan-mcpherson,2025,FantasyPros ADP,194,Evan McPherson,K,
2025-DEF-los-angeles-chargers,2025,FantasyPros ADP,195,Los Angeles Chargers,DEF,DST
2025-DEF-dallas-cowboys,2025,FantasyPros ADP,196,Dallas Cowboys,DEF,DST
2025-DEF-washington-commanders,2025,FantasyPros ADP,197,Washington Commanders,DEF,DST
2025-DEF-new-york-giants,2025,FantasyPros ADP,198,New York Giants,DEF,DST
2025-K-amari-cooper,2025,FantasyPros ADP,199,Amari Cooper,K,WR
2025-K-will-shipley,2025,FantasyPros ADP,200,Will Shipley,K,RB
2025-DEF-los-angeles-rams,2025,FantasyPros ADP,201,Los Angeles Rams,DEF,DST
2025-DEF-new-york-jets,2025,FantasyPros ADP,202,New York Jets,DEF,DST
2025-K-jason-sanders,2025,FantasyPros ADP,203,Jason Sanders,K,
2025-K-rico-dowdle,2025,FantasyPros ADP,204,Rico Dowdle,K,RB
2025-K-isaac-guerendo,2025,FantasyPros ADP,205,Isaac Guerendo,K,RB
2025-K-matt-gay,2025,FantasyPros ADP,206,Matt Gay,K,
2025-K-kareem-hunt,2025,FantasyPros ADP,207,Kareem Hunt,K,RB
2025-DEF-tampa-bay-buccaneers,2025,FantasyPros ADP,208,Tampa Bay Buccaneers,DEF,DST
2025-K-pat-freiermuth,2025,FantasyPros ADP,209,Pat Freiermuth,K,TE
2025-K-younghoe-koo,2025,FantasyPros ADP,210,Younghoe Koo,K,
2025-K-cade-otton,2025,FantasyPros ADP,211,Cade Otton,K,TE
2025-K-sam-darnold,2025,FantasyPros ADP,212,Sam Darnold,K,QB
2025-K-romeo-doubs,2025,FantasyPros ADP,213,Romeo Doubs,K,WR
2025-K-demario-douglas,2025,FantasyPros ADP,214,DeMario Douglas,K,WR
2025-K-aaron-rodgers,2025,FantasyPros ADP,215,Aaron Rodgers,K,QB
2025-DEF-new-england-patriots,2025,FantasyPros ADP,216,New England Patriots,DEF,DST
2025-DEF-chicago-bears,2025,FantasyPros ADP,217,Chicago Bears,DEF,DST
2025-K-daniel-carlson,2025,FantasyPros ADP,218,Daniel Carlson,K,
2025-K-raheem-mostert,2025,FantasyPros ADP,219,Raheem Mostert,K,RB
2025-K-isaac-teslaa,2025,FantasyPros ADP,220,Isaac TeSlaa,K,WR
2025-K-tre-harris,2025,FantasyPros ADP,221,Tre' Harris,K,WR
2025-K-will-reichard,2025,FantasyPros ADP,222,Will Reichard,K,
2025-K-brandon-mcmanus,2025,FantasyPros ADP,223,Brandon McManus,K,
2025-K-jake-moody,2025,FantasyPros ADP,224,Jake Moody,K,
2025-K-roschon-johnson,2025,FantasyPros ADP,225,Roschon Johnson,K,RB
2025-K-kendre-miller,2025,FantasyPros ADP,226,Kendre Miller,K,RB
2025-K-deandre-hopkins,2025,FantasyPros ADP,227,DeAndre Hopkins,K,WR
2025-K-joshua-palmer,2025,FantasyPros ADP,228,Joshua Palmer,K,WR
2025-K-kyle-williams,2025,FantasyPros ADP,229,Kyle Williams,K,WR
2025-K-chig-okonkwo,2025,FantasyPros ADP,230,Chig Okonkwo,K,TE
2025-K-blake-corum,2025,FantasyPros ADP,231,Blake Corum,K,RB
2025-K-jack-bech,2025,FantasyPros ADP,232,Jack Bech,K,WR
2025-K-donte-thornton-jr,2025,FantasyPros ADP,233,Dont'e Thornton Jr,K,WR
2025-K-justice-hill,2025,FantasyPros ADP,234,Justice Hill,K,RB
2025-DEF-cincinnati-bengals,2025,FantasyPros ADP,235,Cincinnati Bengals,DEF,DST
2025-K-quentin-johnston,2025,FantasyPros ADP,236,Quentin Johnston,K,WR
2025-K-jaxson-dart,2025,FantasyPros ADP,237,Jaxson Dart,K,QB
2025-K-shedeur-sanders,2025,FantasyPros ADP,238,Shedeur Sanders,K,QB
2025-K-mason-taylor,2025,FantasyPros ADP,239,Mason Taylor,K,TE
2025-K-dalton-schultz,2025,FantasyPros ADP,240,Dalton Schultz,K,TE
2025-K-elijah-arroyo,2025,FantasyPros ADP,241,Elijah Arroyo,K,TE
2025-K-tory-horton,2025,FantasyPros ADP,242,Tory Horton,K,WR
2025-K-woody-marks,2025,FantasyPros ADP,243,Woody Marks,K,RB
2025-K-alec-pierce,2025,FantasyPros ADP,244,Alec Pierce,K,WR
2025-K-anthony-richardson-sr,2025,FantasyPros ADP,245,Anthony Richardson Sr,K,QB
2025-K-russell-wilson,2025,FantasyPros ADP,246,Russell Wilson,K,QB
2025-K-miles-sanders,2025,FantasyPros ADP,247,Miles Sanders,K,RB
2025-K-dj-giddens,2025,FantasyPros ADP,248,DJ Giddens,K,RB
2025-K-keaton-mitchell,2025,FantasyPros ADP,249,Keaton Mitchell,K,RB
2025-K-cole-kmet,2025,FantasyPros ADP,250,Cole Kmet,K,TE
2025-K-kyle-monangai,2025,FantasyPros ADP,251,Kyle Monangai,K,RB
2025-K-jalen-coker,2025,FantasyPros ADP,252,Jalen Coker,K,WR
2025-K-daniel-jones,2025,FantasyPros ADP,253,Daniel Jones,K,QB
2025-K-marshawn-lloyd,2025,FantasyPros ADP,254,MarShawn Lloyd,K,RB
2025-DEF-miami-dolphins,2025,FantasyPros ADP,255,Miami Dolphins,DEF,DST
2025-K-elijah-mitchell,2025,FantasyPros ADP,256,Elijah Mitchell,K,RB
2025-K-noah-gray,2025,FantasyPros ADP,257,Noah Gray,K,TE
2025-K-brashard-smith,2025,FantasyPros ADP,258,Brashard Smith,K,RB
2025-DEF-indianapolis-colts,2025,FantasyPros ADP,259,Indianapolis Colts,DEF,DST
2025-DEF-las-vegas-raiders,2025,FantasyPros ADP,260,Las Vegas Raiders,DEF,DST
2025-K-joe-flacco,2025,FantasyPros ADP,261,Joe Flacco,K,QB
2025-DEF-new-orleans-saints,2025,FantasyPros ADP,262,New Orleans Saints,DEF,DST
2025-K-pat-bryant,2025,FantasyPros ADP,263,Pat Bryant,K,WR
2025-K-justin-tucker,2025,FantasyPros ADP,264,Justin Tucker,K,
2025-K-zack-moss,2025,FantasyPros ADP,265,Zack Moss,K,RB
2025-DEF-cleveland-browns,2025,FantasyPros ADP,266,Cleveland Browns,DEF,DST
2025-K-tahj-brooks,2025,FantasyPros ADP,267,Tahj Brooks,K,RB
2025-K-jalen-milroe,2025,FantasyPros ADP,268,Jalen Milroe,K,QB
2025-K-mike-gesicki,2025,FantasyPros ADP,269,Mike Gesicki,K,TE
2025-DEF-atlanta-falcons,2025,FantasyPros ADP,270,Atlanta Falcons,DEF,DST
2025-K-jarquez-hunter,2025,FantasyPros ADP,271,Jarquez Hunter,K,RB
2025-DEF-tennessee-titans,2025,FantasyPros ADP,272,Tennessee Titans,DEF,DST
2025-K-terrance-ferguson,2025,FantasyPros ADP,273,Terrance Ferguson,K,TE
2025-K-tyler-lockett,2025,FantasyPros ADP,274,Tyler Lockett,K,WR
2025-K-tyler-conklin,2025,FantasyPros ADP,275,Tyler Conklin,K,TE
2025-K-cairo-santos,2025,FantasyPros ADP,276,Cairo Santos,K,
2025-K-elic-ayomanor,2025,FantasyPros ADP,277,Elic Ayomanor,K,WR
2025-K-jalen-mcmillan,2025,FantasyPros ADP,278,Jalen McMillan,K,WR
2025-K-dontayvion-wicks,2025,FantasyPros ADP,279,Dontayvion Wicks,K,WR
2025-K-calvin-austin,2025,FantasyPros ADP,280,Calvin Austin,K,WR
2025-K-taysom-hill,2025,FantasyPros ADP,281,Taysom Hill,K,TE
2025-K-jatavion-sanders,2025,FantasyPros ADP,282,Ja'Tavion Sanders,K,TE
2025-K-andrei-iosivas,2025,FantasyPros ADP,283,Andrei Iosivas,K,WR
2025-K-dameon-pierce,2025,FantasyPros ADP,284,Dameon Pierce,K,RB
2025-K-graham-gano,2025,FantasyPros ADP,285,Graham Gano,K,
2025-K-juwan-johnson,2025,FantasyPros ADP,286,Juwan Johnson,K,TE
2025-K-jaylin-noel,2025,FantasyPros ADP,287,Jaylin Noel,K,WR
2025-K-harold-fannin-jr,2025,FantasyPros ADP,288,Harold Fannin Jr,K,TE
2025-K-jaleel-mclaughlin,2025,FantasyPros ADP,289,Jaleel McLaughlin,K,RB
2025-K-theo-johnson,2025,FantasyPros ADP,290,Theo Johnson,K,TE
2025-K-luke-mccaffrey,2025,FantasyPros ADP,291,Luke McCaffrey,K,WR
2025-K-darius-slayton,2025,FantasyPros ADP,292,Darius Slayton,K,WR
2025-K-kirk-cousins,2025,FantasyPros ADP,293,Kirk Cousins,K,QB
2025-K-michael-wilson,2025,FantasyPros ADP,294,Michael Wilson,K,WR
2025-K-chris-rodriguez-jr,2025,FantasyPros ADP,295,Chris Rodriguez Jr,K,RB
2025-K-adonai-mitchell,2025,FantasyPros ADP,296,Adonai Mitchell,K,WR
2025-K-ray-ray-mccloud,2025,FantasyPros ADP,297,Ray-Ray McCloud,K,WR
2025-K-andy-borregales,2025,FantasyPros ADP,298,Andy Borregales,K,
2025-K-dawson-knox,2025,FantasyPros ADP,299,Dawson Knox,K,TE
2025-K-diontae-johnson,2025,FantasyPros ADP,300,Diontae Johnson,K,WR
2025-DEF-jacksonville-jaguars,2025,FantasyPros ADP,301,Jacksonville Jaguars,DEF,DST
2025-K-dyami-brown,2025,FantasyPros ADP,302,Dyami Brown,K,WR
2025-K-jalen-royals,2025,FantasyPros ADP,303,Jalen Royals,K,WR
2025-K-troy-franklin,2025,FantasyPros ADP,304,Troy Franklin,K,WR
2025-K-audric-estime,2025,FantasyPros ADP,305,Audric Estime,K,RB
2025-K-juju-smith-schuster,2025,FantasyPros ADP,306,JuJu Smith-Schuster,K,WR
2025-K-blake-grupe,2025,FantasyPros ADP,307,Blake Grupe,K,
2025-K-marquez-valdes-scantling,2025,FantasyPros ADP,308,Marquez Valdes-Scantling,K,WR
2025-K-tyler-higbee,2025,FantasyPros ADP,309,Tyler Higbee,K,TE
2025-K-trevor-etienne,2025,FantasyPros ADP,310,Trevor Etienne,K,RB
2025-DEF-carolina-panthers,2025,FantasyPros ADP,311,Carolina Panthers,DEF,DST
2025-K-tyler-shough,2025,FantasyPros ADP,312,Tyler Shough,K,QB
2025-K-jameis-winston,2025,FantasyPros ADP,313,Jameis Winston,K,QB
2025-K-jordan-james,2025,FantasyPros ADP,314,Jordan James,K,RB
2025-K-elijah-moore,2025,FantasyPros ADP,315,Elijah Moore,K,WR
2025-K-tank-dell,2025,FantasyPros ADP,316,Tank Dell,K,WR
2025-K-zamir-white,2025,FantasyPros ADP,317,Zamir White,K,RB
2025-K-tutu-atwell,2025,FantasyPros ADP,318,Tutu Atwell,K,WR
2025-K-luke-musgrave,2025,FantasyPros ADP,319,Luke Musgrave,K,TE
2025-K-joey-slye,2025,FantasyPros ADP,320,Joey Slye,K,
2025-K-spencer-shrader,2025,FantasyPros ADP,321,Spencer Shrader,K,
2025-K-noah-fant,2025,FantasyPros ADP,322,Noah Fant,K,TE
2025-K-dustin-hopkins,2025,FantasyPros ADP,323,Dustin Hopkins,K,
2025-K-jason-myers,2025,FantasyPros ADP,324,Jason Myers,K,
2025-K-jahan-dotson,2025,FantasyPros ADP,325,Jahan Dotson,K,WR
2025-K-efton-chism,2025,FantasyPros ADP,326,Efton Chism,K,WR
2025-K-aj-dillon,2025,FantasyPros ADP,327,A.J. Dillon,K,RB
2025-K-roman-wilson,2025,FantasyPros ADP,328,Roman Wilson,K,WR
2025-K-joshua-karty,2025,FantasyPros ADP,329,Joshua Karty,K,
2025-K-keandre-lambert-smith,2025,FantasyPros ADP,330,KeAndre Lambert-Smith,K,WR
2025-K-hunter-renfrow,2025,FantasyPros ADP,331,Hunter Renfrow,K,WR
2025-K-olamide-zaccheaus,2025,FantasyPros ADP,332,Olamide Zaccheaus,K,WR
2025-K-michael-mayer,2025,FantasyPros ADP,333,Michael Mayer,K,TE
2025-K-christian-watson,2025,FantasyPros ADP,334,Christian Watson,K,WR
2025-K-darnell-washington,2025,FantasyPros ADP,335,Darnell Washington,K,TE
2025-K-joe-milton,2025,FantasyPros ADP,336,Joe Milton,K,QB
2025-K-chad-ryland,2025,FantasyPros ADP,337,Chad Ryland,K,
2025-K-tez-johnson,2025,FantasyPros ADP,338,Tez Johnson,K,WR
2025-K-will-dissly,2025,FantasyPros ADP,339,Will Dissly,K,TE
2025-K-devin-neal,2025,FantasyPros ADP,340,Devin Neal,K,RB
2025-K-kavontae-turpin,2025,FantasyPros ADP,341,KaVontae Turpin,K,WR
2025-K-jalen-tolbert,2025,FantasyPros ADP,342,Jalen Tolbert,K,WR
2025-K-devin-singletary,2025,FantasyPros ADP,343,Devin Singletary,K,RB
2025-K-kayshon-boutte,2025,FantasyPros ADP,344,Kayshon Boutte,K,WR
2025-K-john-metchie,2025,FantasyPros ADP,345,John Metchie,K,WR
2025-K-austin-hooper,2025,FantasyPros ADP,346,Austin Hooper,K,TE
2025-K-mitchell-tinsley,2025,FantasyPros ADP,347,Mitchell Tinsley,K,WR
2025-K-jimmy-garoppolo,2025,FantasyPros ADP,348,Jimmy Garoppolo,K,QB
2025-K-jermar-jefferson,2025,FantasyPros ADP,349,Jermar Jefferson,K,RB
2025-K-tre-tucker,2025,FantasyPros ADP,350,Tre Tucker,K,WR
2025-K-sean-tucker,2025,FantasyPros ADP,351,Sean Tucker,K,RB
2025-K-damien-martinez,2025,FantasyPros ADP,352,Damien Martinez,K,RB
2025-K-josh-oliver,2025,FantasyPros ADP,353,Josh Oliver,K,TE
2025-K-antonio-gibson,2025,FantasyPros ADP,354,Antonio Gibson,K,RB
2025-K-tim-patrick,2025,FantasyPros ADP,355,Tim Patrick,K,WR
2025-K-ryan-fitzgerald,2025,FantasyPros ADP,356,Ryan Fitzgerald,K,
2025-K-mason-rudolph,2025,FantasyPros ADP,357,Mason Rudolph,K,QB
2025-K-jimmy-horn-jr,2025,FantasyPros ADP,358,Jimmy Horn Jr,K,WR
2025-K-jake-bobo,2025,FantasyPros ADP,359,Jake Bobo,K,WR
2025-K-nick-westbrook-ikhine,2025,FantasyPros ADP,360,Nick Westbrook-Ikhine,K,WR
2025-K-grant-calcaterra,2025,FantasyPros ADP,361,Grant Calcaterra,K,TE
2025-K-lajohntay-wester,2025,FantasyPros ADP,362,LaJohntay Wester,K,WR
2025-K-craig-reynolds,2025,FantasyPros ADP,363,Craig Reynolds,K,RB
2025-K-xavier-restrepo,2025,FantasyPros ADP,364,Xavier Restrepo,K,WR
2025-K-brock-wright,2025,FantasyPros ADP,365,Brock Wright,K,TE
2025-K-carson-wentz,2025,FantasyPros ADP,366,Carson Wentz,K,QB
2025-K-odell-beckham-jr,2025,FantasyPros ADP,367,Odell Beckham Jr,K,WR
2025-K-ty-chandler,2025,FantasyPros ADP,368,Ty Chandler,K,RB
2025-K-elijah-higgins,2025,FantasyPros ADP,369,Elijah Higgins,K,TE
2025-K-jalin-hyatt,2025,FantasyPros ADP,370,Jalin Hyatt,K,WR
2025-K-deshaun-watson,2025,FantasyPros ADP,371,Deshaun Watson,K,QB
2025-K-jalen-nailor,2025,FantasyPros ADP,372,Jalen Nailor,K,WR
2025-K-brandin-cooks,2025,FantasyPros ADP,373,Brandin Cooks,K,WR
2025-K-ty-johnson,2025,FantasyPros ADP,374,Ty Johnson,K,RB
2025-K-jj-taylor,2025,FantasyPros ADP,375,J.J. Taylor,K,RB
2025-K-malik-willis,2025,FantasyPros ADP,376,Malik Willis,K,QB
2025-K-matthew-wright,2025,FantasyPros ADP,377,Matthew Wright,K,
2025-K-parker-romo,2025,FantasyPros ADP,378,Parker Romo,K,
2025-K-ben-sinnott,2025,FantasyPros ADP,379,Ben Sinnott,K,TE
2025-K-tanner-mckee,2025,FantasyPros ADP,380,Tanner McKee,K,QB
2025-K-devaughn-vele,2025,FantasyPros ADP,381,Devaughn Vele,K,WR
2025-K-allen-lazard,2025,FantasyPros ADP,382,Allen Lazard,K,WR
2025-K-gardner-minshew,2025,FantasyPros ADP,383,Gardner Minshew,K,QB
2025-K-mack-hollins,2025,FantasyPros ADP,384,Mack Hollins,K,WR
2025-K-jordan-whittington,2025,FantasyPros ADP,385,Jordan Whittington,K,WR
2025-K-oronde-gadsden,2025,FantasyPros ADP,386,Oronde Gadsden,K,TE
2025-K-samaje-perine,2025,FantasyPros ADP,387,Samaje Perine,K,RB
2025-K-caden-davis,2025,FantasyPros ADP,388,Caden Davis,K,
2025-K-skyy-moore,2025,FantasyPros ADP,389,Skyy Moore,K,WR
2025-K-kalif-raymond,2025,FantasyPros ADP,390,Kalif Raymond,K,WR
2025-K-joshua-dobbs,2025,FantasyPros ADP,391,Joshua Dobbs,K,QB
2025-K-luke-schoonmaker,2025,FantasyPros ADP,392,Luke Schoonmaker,K,TE
2025-K-aj-barner,2025,FantasyPros ADP,393,AJ Barner,K,TE
2025-K-jude-mcatamney,2025,FantasyPros ADP,394,Jude McAtamney,K,
2025-K-cooper-rush,2025,FantasyPros ADP,395,Cooper Rush,K,QB
2025-K-nick-folk,2025,FantasyPros ADP,396,Nick Folk,K,
2025-K-carson-steele,2025,FantasyPros ADP,397,Carson Steele,K,RB
2025-K-julian-hill,2025,FantasyPros ADP,398,Julian Hill,K,TE
2025-K-will-howard,2025,FantasyPros ADP,399,Will Howard,K,QB
2025-K-isaiah-bond,2025,FantasyPros ADP,400,Isaiah Bond,K,WR
2025-K-darius-cooper,2025,FantasyPros ADP,401,Darius Cooper,K,WR
2025-K-mitchell-trubisky,2025,FantasyPros ADP,402,Mitchell Trubisky,K,QB
2025-K-deuce-vaughn,2025,FantasyPros ADP,403,Deuce Vaughn,K,RB
2025-K-adam-trautman,2025,FantasyPros ADP,404,Adam Trautman,K,TE
2025-K-mac-jones,2025,FantasyPros ADP,405,Mac Jones,K,QB
2025-K-emanuel-wilson,2025,FantasyPros ADP,406,Emanuel Wilson,K,RB
2025-K-jarrett-stidham,2025,FantasyPros ADP,407,Jarrett Stidham,K,QB
2025-K-andre-szmyt,2025,FantasyPros ADP,408,Andre Szmyt,K,
2025-K-kenneth-gainwell,2025,FantasyPros ADP,409,Kenneth Gainwell,K,RB
2025-K-harrison-mevis,2025,FantasyPros ADP,410,Harrison Mevis,K,
2025-K-khalil-herbert,2025,FantasyPros ADP,411,Khalil Herbert,K,RB
2025-K-quinn-ewers,2025,FantasyPros ADP,412,Quinn Ewers,K,QB
2025-K-gunnar-helm,2025,FantasyPros ADP,413,Gunnar Helm,K,TE
2025-K-cam-akers,2025,FantasyPros ADP,414,Cam Akers,K,RB
2025-K-greg-joseph,2025,FantasyPros ADP,415,Greg Joseph,K,
2025-K-malik-washington,2025,FantasyPros ADP,416,Malik Washington,K,WR
2025-K-parker-washington,2025,FantasyPros ADP,417,Parker Washington,K,WR
2025-K-jake-browning,2025,FantasyPros ADP,418,Jake Browning,K,QB
2025-K-spencer-rattler,2025,FantasyPros ADP,419,Spencer Rattler,K,QB
2025-K-greg-zuerlein,2025,FantasyPros ADP,420,Greg Zuerlein,K,
2025-K-mitchell-evans,2025,FantasyPros ADP,421,Mitchell Evans,K,TE
2025-K-demarcus-robinson,2025,FantasyPros ADP,422,Demarcus Robinson,K,WR
2025-K-dewayne-mcbride,2025,FantasyPros ADP,423,DeWayne McBride,K,RB
2025-K-kyle-juszczyk,2025,FantasyPros ADP,424,Kyle Juszczyk,K,RB
2025-K-jhaquan-jackson,2025,FantasyPros ADP,425,Jha'Quan Jackson,K,WR
2025-K-scott-matlock,2025,FantasyPros ADP,426,Scott Matlock,K,DT
2025-K-kyle-allen,2025,FantasyPros ADP,427,Kyle Allen,K,QB
2025-K-marcus-mariota,2025,FantasyPros ADP,428,Marcus Mariota,K,QB
2025-K-tommy-devito,2025,FantasyPros ADP,429,Tommy DeVito,K,QB
2025-K-sterling-shepard,2025,FantasyPros ADP,430,Sterling Shepard,K,WR
2025-K-jermaine-burton,2025,FantasyPros ADP,431,Jermaine Burton,K,WR
2025-K-matt-barkley,2025,FantasyPros ADP,432,Matt Barkley,K,QB
2025-K-jody-fortson-jr,2025,FantasyPros ADP,433,Jody Fortson Jr,K,TE
2025-K-jerell-adams,2025,FantasyPros ADP,434,Jerell Adams,K,TE
2025-K-braxton-berrios,2025,FantasyPros ADP,435,Braxton Berrios,K,WR
2025-K-cj-ham,2025,FantasyPros ADP,436,C.J. Ham,K,RB
2025-K-connor-heyward,2025,FantasyPros ADP,437,Connor Heyward,K,TE
2025-K-stephen-anderson,2025,FantasyPros ADP,438,Stephen Anderson,K,TE
2025-K-mason-crosby,2025,FantasyPros ADP,439,Mason Crosby,K,
2025-K-jordan-travis,2025,FantasyPros ADP,440,Jordan Travis,K,QB
2025-K-equanimeous-st-brown,2025,FantasyPros ADP,441,Equanimeous St. Brown,K,WR
2025-K-tyquan-thornton,2025,FantasyPros ADP,442,Tyquan Thornton,K,WR
2025-K-zach-wilson,2025,FantasyPros ADP,443,Zach Wilson,K,QB
2025-K-vyncint-smith,2025,FantasyPros ADP,444,Vyncint Smith,K,WR
2025-K-kadarius-toney,2025,FantasyPros ADP,445,Kadarius Toney,K,WR
2025-K-jeremy-mcnichols,2025,FantasyPros ADP,446,Jeremy McNichols,K,RB
2025-K-sam-howell,2025,FantasyPros ADP,447,Sam Howell,K,QB
2025-K-john-samuel-shenker,2025,FantasyPros ADP,448,John Samuel Shenker,K,TE
2025-K-savion-williams,2025,FantasyPros ADP,449,Savion Williams,K,WR
2025-K-david-bell,2025,FantasyPros ADP,450,David Bell,K,WR
2025-K-stephen-sullivan,2025,FantasyPros ADP,451,Stephen Sullivan,K,TE
2025-K-tyson-bagent,2025,FantasyPros ADP,452,Tyson Bagent,K,QB
2025-K-cody-core,2025,FantasyPros ADP,453,Cody Core,K,WR
2025-K-drew-lock,2025,FantasyPros ADP,454,Drew Lock,K,QB
2025-K-ezekiel-elliott,2025,FantasyPros ADP,455,Ezekiel Elliott,K,RB
2025-K-darrell-stewart-jr,2025,FantasyPros ADP,456,Darrell Stewart Jr,K,WR
2025-K-alex-erickson,2025,FantasyPros ADP,457,Alex Erickson,K,WR
2025-K-frank-gore-jr,2025,FantasyPros ADP,458,Frank Gore Jr,K,RB
2025-K-tommy-tremble,2025,FantasyPros ADP,459,Tommy Tremble,K,TE
2025-K-kenny-pickett,2025,FantasyPros ADP,460,Kenny Pickett,K,QB
2025-K-noah-brown,2025,FantasyPros ADP,461,Noah Brown,K,WR
2025-K-austin-seibert,2025,FantasyPros ADP,462,Austin Seibert,K,
2025-K-dalvin-cook,2025,FantasyPros ADP,463,Dalvin Cook,K,RB
2025-K-mo-alie-cox,2025,FantasyPros ADP,464,Mo Alie-Cox,K,TE
2025-K-greg-bell,2025,FantasyPros ADP,465,Greg Bell,K,RB
2025-K-tyrell-shavers,2025,FantasyPros ADP,466,Tyrell Shavers,K,WR
2025-K-darrell-henderson-jr,2025,FantasyPros ADP,467,Darrell Henderson Jr,K,RB
2025-K-richie-james-jr,2025,FantasyPros ADP,468,Richie James Jr,K,WR
2025-K-jeff-smith,2025,FantasyPros ADP,469,Jeff Smith,K,WR
2025-K-daniel-bellinger,2025,FantasyPros ADP,470,Daniel Bellinger,K,TE
2025-K-leonard-fournette,2025,FantasyPros ADP,471,Leonard Fournette,K,RB
2025-K-tai-felton,2025,FantasyPros ADP,472,Tai Felton,K,WR
2025-K-zane-gonzalez,2025,FantasyPros ADP,473,Zane Gonzalez,K,
2025-K-john-bates,2025,FantasyPros ADP,474,John Bates,K,TE
2025-K-jacob-kibodi,2025,FantasyPros ADP,475,Jacob Kibodi,K,RB
2025-K-dj-montgomery,2025,FantasyPros ADP,476,D.J. Montgomery,K,WR
2025-K-jaylin-lane,2025,FantasyPros ADP,477,Jaylin Lane,K,WR
2025-K-jermaine-jackson,2025,FantasyPros ADP,478,Jermaine Jackson,K,WR
2025-K-curtis-samuel,2025,FantasyPros ADP,479,Curtis Samuel,K,WR
2025-K-duke-williams,2025,FantasyPros ADP,480,Duke Williams,K,WR
2025-K-andy-dalton,2025,FantasyPros ADP,481,Andy Dalton,K,QB
2025-K-hendon-hooker,2025,FantasyPros ADP,482,Hendon Hooker,K,QB
2025-K-patrick-ricard,2025,FantasyPros ADP,483,Patrick Ricard,K,RB
2025-K-john-ross,2025,FantasyPros ADP,484,John Ross,K,WR
2025-K-alex-armah-jr,2025,FantasyPros ADP,485,Alex Armah Jr,K,RB
2025-K-liljordan-humphrey,2025,FantasyPros ADP,486,Lil'Jordan Humphrey,K,WR
2025-K-brett-maher,2025,FantasyPros ADP,487,Brett Maher,K,
2025-K-eddy-pineiro,2025,FantasyPros ADP,488,Eddy Pineiro,K,
2025-K-stetson-bennett,2025,FantasyPros ADP,489,Stetson Bennett,K,QB
2025-K-gabe-davis,2025,FantasyPros ADP,490,Gabe Davis,K,WR
2025-K-travis-wilson,2025,FantasyPros ADP,491,Travis Wilson,K,WR
2025-K-lucky-jackson,2025,FantasyPros ADP,492,Lucky Jackson,K,WR
2025-K-ross-travis,2025,FantasyPros ADP,493,Ross Travis,K,TE
2025-K-nathan-rourke,2025,FantasyPros ADP,494,Nathan Rourke,K,QB
2025-K-ricky-white,2025,FantasyPros ADP,495,Ricky White,K,WR
2025-K-kenny-stills,2025,FantasyPros ADP,496,Kenny Stills,K,WR
2025-K-cade-stover,2025,FantasyPros ADP,497,Cade Stover,K,TE
2025-K-david-moore,2025,FantasyPros ADP,498,David Moore,K,WR
2025-K-robert-woods,2025,FantasyPros ADP,499,Robert Woods,K,WR
2025-K-max-duggan,2025,FantasyPros ADP,500,Max Duggan,K,QB
2025-K-josh-reynolds,2025,FantasyPros ADP,501,Josh Reynolds,K,WR
2025-K-cyril-grayson-jr,2025,FantasyPros ADP,502,Cyril Grayson Jr,K,WR
2025-K-brandon-allen,2025,FantasyPros ADP,503,Brandon Allen,K,QB
2025-K-anders-carlson,2025,FantasyPros ADP,504,Anders Carlson,K,
2025-K-matt-prater,2025,FantasyPros ADP,505,Matt Prater,K,
2025-K-michael-badgley,2025,FantasyPros ADP,506,Michael Badgley,K,
2025-K-lenny-krieg,2025,FantasyPros ADP,507,Lenny Krieg,K,
2025-K-randy-bullock,2025,FantasyPros ADP,508,Randy Bullock,K,
2025-K-kenjon-barner,2025,FantasyPros ADP,509,Kenjon Barner,K,RB
2025-K-anthony-brown-jr,2025,FantasyPros ADP,510,Anthony Brown Jr,K,QB
2025-K-justin-watson,2025,FantasyPros ADP,511,Justin Watson,K,WR
2025-K-john-fitzpatrick,2025,FantasyPros ADP,512,John FitzPatrick,K,TE
2025-K-theo-riddick,2025,FantasyPros ADP,513,Theo Riddick,K,RB
2025-K-ben-dinucci,2025,FantasyPros ADP,514,Ben DiNucci,K,QB
2025-K-tevin-jones,2025,FantasyPros ADP,515,Tevin Jones,K,WR
2025-K-kyle-mccord,2025,FantasyPros ADP,516,Kyle McCord,K,QB
2025-K-cade-york,2025,FantasyPros ADP,517,Cade York,K,
2025-K-damion-willis,2025,FantasyPros ADP,518,Damion Willis,K,WR
2025-K-ian-book,2025,FantasyPros ADP,519,Ian Book,K,QB
2025-K-colby-parkinson,2025,FantasyPros ADP,520,Colby Parkinson,K,TE
2025-K-isaac-rex,2025,FantasyPros ADP,521,Isaac Rex,K,TE
2025-K-tylan-wallace,2025,FantasyPros ADP,522,Tylan Wallace,K,WR
2025-K-dallin-holker,2025,FantasyPros ADP,523,Dallin Holker,K,TE
2025-K-george-campbell,2025,FantasyPros ADP,524,George Campbell,K,WR
2025-K-blake-proehl,2025,FantasyPros ADP,525,Blake Proehl,K,WR
2025-K-scotty-miller,2025,FantasyPros ADP,526,Scotty Miller,K,WR
2025-K-julio-jones,2025,FantasyPros ADP,527,Julio Jones,K,WR
2025-K-kazmeir-allen,2025,FantasyPros ADP,528,Kazmeir Allen,K,WR
2025-K-derius-davis,2025,FantasyPros ADP,529,Derius Davis,K,WR
2025-K-jordan-moore,2025,FantasyPros ADP,530,Jordan Moore,K,WR
2025-K-devontez-walker,2025,FantasyPros ADP,531,Devontez Walker,K,WR
2025-K-julius-chestnut,2025,FantasyPros ADP,532,Julius Chestnut,K,RB
2025-K-marcus-major-jr,2025,FantasyPros ADP,533,Marcus Major Jr,K,RB
2025-K-cole-beasley,2025,FantasyPros ADP,534,Cole Beasley,K,WR
2025-K-noah-cain,2025,FantasyPros ADP,535,Noah Cain,K,RB
2025-K-mikey-daniel,2025,FantasyPros ADP,536,Mikey Daniel,K,RB
2025-K-jalen-white,2025,FantasyPros ADP,537,Jalen White,K,RB
2025-K-raheim-sanders,2025,FantasyPros ADP,538,Raheim Sanders,K,RB
2025-K-luke-farrell,2025,FantasyPros ADP,539,Luke Farrell,K,TE
2025-K-ellis-merriweather,2025,FantasyPros ADP,540,Ellis Merriweather,K,RB
2025-K-nikko-remigio,2025,FantasyPros ADP,541,Nikko Remigio,K,WR
2025-K-cam-newton,2025,FantasyPros ADP,542,Cam Newton,K,QB
2025-K-robert-foster,2025,FantasyPros ADP,543,Robert Foster,K,WR
2025-K-kirk-merritt,2025,FantasyPros ADP,544,Kirk Merritt,K,WR
2025-K-konata-mumpfield,2025,FantasyPros ADP,545,Konata Mumpfield,K,WR
2025-K-joe-horn-jr,2025,FantasyPros ADP,546,Joe Horn Jr,K,WR
2025-K-wendell-smallwood,2025,FantasyPros ADP,547,Wendell Smallwood,K,RB
2025-K-van-jefferson,2025,FantasyPros ADP,548,Van Jefferson,K,WR
2025-K-trey-lance,2025,FantasyPros ADP,549,Trey Lance,K,QB
2025-K-riley-leonard,2025,FantasyPros ADP,550,Riley Leonard,K,QB
2025-K-rasheen-ali,2025,FantasyPros ADP,551,Rasheen Ali,K,RB
2025-K-tyler-badie,2025,FantasyPros ADP,552,Tyler Badie,K,RB
2025-K-kylen-granson,2025,FantasyPros ADP,553,Kylen Granson,K,TE
2025-K-teddy-bridgewater,2025,FantasyPros ADP,554,Teddy Bridgewater,K,QB
2025-K-seth-green,2025,FantasyPros ADP,555,Seth Green,K,TE
2025-K-jaylen-samuels,2025,FantasyPros ADP,556,Jaylen Samuels,K,RB
2025-K-jahdae-walker,2025,FantasyPros ADP,557,Jahdae Walker,K,WR
2025-K-giovani-bernard,2025,FantasyPros ADP,558,Giovani Bernard,K,RB
2025-K-dj-williams,2025,FantasyPros ADP,559,D.J. Williams,K,RB
2025-K-jalen-guyton,2025,FantasyPros ADP,560,Jalen Guyton,K,WR
2025-K-jared-wayne,2025,FantasyPros ADP,561,Jared Wayne,K,WR
2025-K-jason-brownlee,2025,FantasyPros ADP,562,Jason Brownlee,K,WR
2025-K-jaren-hall,2025,FantasyPros ADP,563,Jaren Hall,K,QB
2025-K-phil-mafah,2025,FantasyPros ADP,564,Phil Mafah,K,RB
2025-K-rob-gronkowski,2025,FantasyPros ADP,565,Rob Gronkowski,K,TE
2025-K-trent-taylor,2025,FantasyPros ADP,566,Trent Taylor,K,WR
2025-K-jack-coan,2025,FantasyPros ADP,567,Jack Coan,K,QB
2025-K-thomas-fidone,2025,FantasyPros ADP,568,Thomas Fidone,K,TE
2025-K-kalel-mullings,2025,FantasyPros ADP,569,Kalel Mullings,K,RB
2025-K-robert-griffin,2025,FantasyPros ADP,570,Robert Griffin,K,QB
2025-K-boston-scott,2025,FantasyPros ADP,571,Boston Scott,K,RB
2025-K-dominique-dafney,2025,FantasyPros ADP,572,Dominique Dafney,K,TE
2025-K-mecole-hardman-jr,2025,FantasyPros ADP,573,Mecole Hardman Jr,K,WR
2025-K-sarodorick-thompson-jr,2025,FantasyPros ADP,574,SaRodorick Thompson Jr,K,RB
2025-K-zay-jones,2025,FantasyPros ADP,575,Zay Jones,K,WR
2025-K-beaux-collins,2025,FantasyPros ADP,576,Beaux Collins,K,WR
2025-K-davis-allen,2025,FantasyPros ADP,577,Davis Allen,K,TE
2025-K-greg-dortch,2025,FantasyPros ADP,578,Greg Dortch,K,WR
2025-K-avery-williams,2025,FantasyPros ADP,579,Avery Williams,K,RB
2025-K-nick-mullens,2025,FantasyPros ADP,580,Nick Mullens,K,QB
2025-K-gus-edwards,2025,FantasyPros ADP,581,Gus Edwards,K,RB
2025-K-louis-rees-zammit,2025,FantasyPros ADP,582,Louis Rees-Zammit,K,RB
2025-K-jared-wiley,2025,FantasyPros ADP,583,Jared Wiley,K,TE
2025-K-tanner-brown,2025,FantasyPros ADP,584,Tanner Brown,K,
2025-K-drew-sample,2025,FantasyPros ADP,585,Drew Sample,K,TE
2025-K-donovan-edwards,2025,FantasyPros ADP,586,Donovan Edwards,K,RB
2025-K-robbie-chosen,2025,FantasyPros ADP,587,Robbie Chosen,K,WR
2025-K-dominic-lovett,2025,FantasyPros ADP,588,Dominic Lovett,K,WR
2025-K-cedrick-wilson-jr,2025,FantasyPros ADP,589,Cedrick Wilson Jr,K,WR
2025-K-charlie-jones,2025,FantasyPros ADP,590,Charlie Jones,K,WR
2025-K-dillon-gabriel,2025,FantasyPros ADP,591,Dillon Gabriel,K,QB
2025-K-phillip-dorsett,2025,FantasyPros ADP,592,Phillip Dorsett,K,WR
2025-K-jamari-thrash,2025,FantasyPros ADP,593,Jamari Thrash,K,WR
2025-K-tyree-jackson,2025,FantasyPros ADP,594,Tyree Jackson,K,TE
2025-K-keith-kirkwood,2025,FantasyPros ADP,595,Keith Kirkwood,K,WR
2025-K-james-robinson,2025,FantasyPros ADP,596,James Robinson,K,RB
2025-K-charlie-kolar,2025,FantasyPros ADP,597,Charlie Kolar,K,TE
2025-K-ainias-smith,2025,FantasyPros ADP,598,Ainias Smith,K,WR
2025-K-henry-pearson,2025,FantasyPros ADP,599,Henry Pearson,K,RB
2025-K-trey-sermon,2025,FantasyPros ADP,600,Trey Sermon,K,RB
2025-K-arian-smith,2025,FantasyPros ADP,601,Arian Smith,K,WR
2025-K-michael-carter,2025,FantasyPros ADP,602,Michael Carter,K,RB
2025-K-sione-vaki,2025,FantasyPros ADP,603,Sione Vaki,K,RB
2025-K-tommy-mellott,2025,FantasyPros ADP,604,Tommy Mellott,K,WR
2025-K-ryan-tannehill,2025,FantasyPros ADP,605,Ryan Tannehill,K,QB
2025-K-michael-burton,2025,FantasyPros ADP,606,Michael Burton,K,RB
2025-K-zach-pascal,2025,FantasyPros ADP,607,Zach Pascal,K,WR
2025-K-tyreik-mcallister,2025,FantasyPros ADP,608,Tyreik McAllister,K,RB
2025-K-clyde-edwards-helaire,2025,FantasyPros ADP,609,Clyde Edwards-Helaire,K,RB
2025-K-trey-palmer,2025,FantasyPros ADP,610,Trey Palmer,K,WR
2025-K-gavin-bartholomew,2025,FantasyPros ADP,611,Gavin Bartholomew,K,TE
2025-K-kendrick-bourne,2025,FantasyPros ADP,612,Kendrick Bourne,K,WR
2025-K-brenden-rice,2025,FantasyPros ADP,613,Brenden Rice,K,WR
2025-K-emari-demercado,2025,FantasyPros ADP,614,Emari Demercado,K,RB
2025-K-matt-ammendola,2025,FantasyPros ADP,615,Matt Ammendola,K,
2025-K-dylan-laube,2025,FantasyPros ADP,616,Dylan Laube,K,RB
2025-K-ej-jenkins,2025,FantasyPros ADP,617,E.J. Jenkins,K,TE
2025-K-hunter-luepke,2025,FantasyPros ADP,618,Hunter Luepke,K,RB
2025-K-jeremy-ruckert,2025,FantasyPros ADP,619,Jeremy Ruckert,K,TE
2025-K-chris-brooks,2025,FantasyPros ADP,620,Chris Brooks,K,RB
2025-K-brayden-narveson,2025,FantasyPros ADP,621,Brayden Narveson,K,
2025-K-river-cracraft,2025,FantasyPros ADP,622,River Cracraft,K,WR
2025-K-george-holani,2025,FantasyPros ADP,623,George Holani,K,RB
2025-K-laquon-treadwell,2025,FantasyPros ADP,624,Laquon Treadwell,K,WR
2025-K-josh-johnson,2025,FantasyPros ADP,625,Josh Johnson,K,QB
2025-K-jacorey-brooks,2025,FantasyPros ADP,626,Ja'Corey Brooks,K,WR
2025-K-isaiah-davis,2025,FantasyPros ADP,627,Isaiah Davis,K,RB
2025-K-jimmy-graham,2025,FantasyPros ADP,628,Jimmy Graham,K,TE
2025-K-jonathan-mingo,2025,FantasyPros ADP,629,Jonathan Mingo,K,WR
2025-K-nathan-peterman,2025,FantasyPros ADP,630,Nathan Peterman,K,QB
2025-K-colson-yankoff,2025,FantasyPros ADP,631,Colson Yankoff,K,TE
2025-K-ian-thomas,2025,FantasyPros ADP,632,Ian Thomas,K,TE
2025-K-devin-duvernay,2025,FantasyPros ADP,633,Devin Duvernay,K,WR
2025-K-travis-homer,2025,FantasyPros ADP,634,Travis Homer,K,RB
2025-K-rashaad-penny,2025,FantasyPros ADP,635,Rashaad Penny,K,RB
2025-K-jonathan-ward,2025,FantasyPros ADP,636,Jonathan Ward,K,RB
2025-K-jordan-watkins,2025,FantasyPros ADP,637,Jordan Watkins,K,WR
2025-K-gunner-olszewski,2025,FantasyPros ADP,638,Gunner Olszewski,K,WR
2025-K-kimani-vidal,2025,FantasyPros ADP,639,Kimani Vidal,K,RB
2025-K-irv-smith-jr,2025,FantasyPros ADP,640,Irv Smith Jr,K,TE
2025-K-tyler-goodson,2025,FantasyPros ADP,641,Tyler Goodson,K,RB
2025-K-hassan-haskins,2025,FantasyPros ADP,642,Hassan Haskins,K,RB
2025-K-robbie-ouzts,2025,FantasyPros ADP,643,Robbie Ouzts,K,TE
2025-K-foster-moreau,2025,FantasyPros ADP,644,Foster Moreau,K,TE
2025-K-cam-miller,2025,FantasyPros ADP,645,Cam Miller,K,QB
2025-K-josh-whyle,2025,FantasyPros ADP,646,Josh Whyle,K,TE
2025-K-trayveon-williams,2025,FantasyPros ADP,647,Trayveon Williams,K,RB
2025-K-sincere-mccormick,2025,FantasyPros ADP,648,Sincere McCormick,K,RB
2025-K-chimere-dike,2025,FantasyPros ADP,649,Chimere Dike,K,WR
2025-K-jake-funk,2025,FantasyPros ADP,650,Jake Funk,K,RB
2025-K-dorian-thompson-robinson,2025,FantasyPros ADP,651,Dorian Thompson-Robinson,K,QB
2025-K-armani-rogers,2025,FantasyPros ADP,652,Armani Rogers,K,TE
2025-K-jamaal-williams,2025,FantasyPros ADP,653,Jamaal Williams,K,RB
2025-K-matt-corral,2025,FantasyPros ADP,654,Matt Corral,K,QB
2025-K-xavier-hutchinson,2025,FantasyPros ADP,655,Xavier Hutchinson,K,WR
2025-K-donovan-peoples-jones,2025,FantasyPros ADP,656,Donovan Peoples-Jones,K,WR
2025-K-aidan-oconnell,2025,FantasyPros ADP,657,Aidan O'Connell,K,QB
2025-K-darrell-daniels,2025,FantasyPros ADP,658,Darrell Daniels,K,TE
2025-K-jonathon-brooks,2025,FantasyPros ADP,659,Jonathon Brooks,K,RB
2025-K-jalin-conyers,2025,FantasyPros ADP,660,Jalin Conyers,K,TE
2025-K-ben-sauls,2025,FantasyPros ADP,661,Ben Sauls,K,
2025-K-malik-heath,2025,FantasyPros ADP,662,Malik Heath,K,WR
2025-K-charlie-smyth,2025,FantasyPros ADP,663,Charlie Smyth,K,
2025-K-jacob-cowing,2025,FantasyPros ADP,664,Jacob Cowing,K,WR
2025-K-raheem-blackshear,2025,FantasyPros ADP,665,Raheem Blackshear,K,RB
2025-K-nick-nash,2025,FantasyPros ADP,666,Nick Nash,K,WR
2025-K-jason-cabinda,2025,FantasyPros ADP,667,Jason Cabinda,K,LB
2025-K-tyler-johnson,2025,FantasyPros ADP,668,Tyler Johnson,K,WR
2025-K-tre-mckitty,2025,FantasyPros ADP,669,Tre' McKitty,K,TE
2025-K-terrell-jennings,2025,FantasyPros ADP,670,Terrell Jennings,K,RB
2025-K-ashton-dulin,2025,FantasyPros ADP,671,Ashton Dulin,K,WR
2025-K-tyrod-taylor,2025,FantasyPros ADP,672,Tyrod Taylor,K,QB
2025-K-cordarrelle-patterson,2025,FantasyPros ADP,673,Cordarrelle Patterson,K,RB
2025-K-tanner-hudson,2025,FantasyPros ADP,674,Tanner Hudson,K,TE
2025-K-brittain-brown,2025,FantasyPros ADP,675,Brittain Brown,K,RB
2025-K-jacoby-brissett,2025,FantasyPros ADP,676,Jacoby Brissett,K,QB
2025-K-andrew-beck,2025,FantasyPros ADP,677,Andrew Beck,K,TE
2025-K-case-keenum,2025,FantasyPros ADP,678,Case Keenum,K,QB
2025-K-eric-saubert,2025,FantasyPros ADP,679,Eric Saubert,K,TE
2025-K-baylor-cupp,2025,FantasyPros ADP,680,Baylor Cupp,K,TE
2025-K-jake-fromm,2025,FantasyPros ADP,681,Jake Fromm,K,QB
2025-K-lequint-allen-jr,2025,FantasyPros ADP,682,LeQuint Allen Jr,K,RB
2025-K-johnny-mundt,2025,FantasyPros ADP,683,Johnny Mundt,K,TE
2025-K-kyle-trask,2025,FantasyPros ADP,684,Kyle Trask,K,QB
2025-K-robert-tonyan,2025,FantasyPros ADP,685,Robert Tonyan,K,TE
2025-K-dare-ogunbowale,2025,FantasyPros ADP,686,Dare Ogunbowale,K,RB
2025-K-kj-hamler,2025,FantasyPros ADP,687,KJ Hamler,K,WR
2025-K-michael-gallup,2025,FantasyPros ADP,688,Michael Gallup,K,WR
2025-K-tyler-scott,2025,FantasyPros ADP,689,Tyler Scott,K,WR
2025-K-keaontay-ingram,2025,FantasyPros ADP,690,Keaontay Ingram,K,RB
2025-K-riley-patterson,2025,FantasyPros ADP,691,Riley Patterson,K,
2025-K-deon-jackson,2025,FantasyPros ADP,692,Deon Jackson,K,RB
2025-K-lucas-havrisik,2025,FantasyPros ADP,693,Lucas Havrisik,K,
2025-K-jeff-wilson-jr,2025,FantasyPros ADP,694,Jeff Wilson Jr,K,RB
2025-K-tre-watson,2025,FantasyPros ADP,695,Tre Watson,K,TE
2025-K-alec-ingold,2025,FantasyPros ADP,696,Alec Ingold,K,RB
2025-K-jakob-johnson,2025,FantasyPros ADP,697,Jakob Johnson,K,RB
2025-K-harrison-bryant,2025,FantasyPros ADP,698,Harrison Bryant,K,TE
2025-K-deejay-dallas,2025,FantasyPros ADP,699,DeeJay Dallas,K,RB
2025-K-tim-jones,2025,FantasyPros ADP,700,Tim Jones,K,WR
2025-K-terrace-marshall-jr,2025,FantasyPros ADP,701,Terrace Marshall Jr,K,WR
2025-K-maddux-trujillo,2025,FantasyPros ADP,702,Maddux Trujillo,K,
2025-K-ben-skowronek,2025,FantasyPros ADP,703,Ben Skowronek,K,WR
2025-K-drew-ogletree,2025,FantasyPros ADP,704,Drew Ogletree,K,TE
2025-K-pierre-strong-jr,2025,FantasyPros ADP,705,Pierre Strong Jr,K,RB
2025-K-tyrion-davis-price,2025,FantasyPros ADP,706,Tyrion Davis-Price,K,RB
2025-K-jalen-brooks,2025,FantasyPros ADP,707,Jalen Brooks,K,WR
2025-K-ronnie-bell,2025,FantasyPros ADP,708,Ronnie Bell,K,WR
2025-K-payne-durham,2025,FantasyPros ADP,709,Payne Durham,K,TE
2025-K-nate-adkins,2025,FantasyPros ADP,710,Nate Adkins,K,TE
2025-K-javon-baker,2025,FantasyPros ADP,711,Javon Baker,K,WR
2025-K-jaheim-bell,2025,FantasyPros ADP,712,Jaheim Bell,K,TE
2025-K-kendall-milton,2025,FantasyPros ADP,713,Kendall Milton,K,RB
2025-K-mark-mcnamee,2025,FantasyPros ADP,714,Mark McNamee,K,
2025-K-bryce-oliver,2025,FantasyPros ADP,715,Bryce Oliver,K,WR
2025-K-terique-owens,2025,FantasyPros ADP,716,Terique Owens,K,WR
2025-K-mitch-van-vooren,2025,FantasyPros ADP,717,Mitch Van Vooren,K,WR
2025-K-jonathan-kim,2025,FantasyPros ADP,718,Jonathan Kim,K,
2025-K-caden-prieskorn,2025,FantasyPros ADP,719,Caden Prieskorn,K,TE
2025-K-jaquinden-jackson,2025,FantasyPros ADP,720,Ja'Quinden Jackson,K,RB
2025-K-trevor-siemian,2025,FantasyPros ADP,721,Trevor Siemian,K,QB
2025-K-deandre-carter,2025,FantasyPros ADP,722,DeAndre Carter,K,WR
2025-K-taylor-heinicke,2025,FantasyPros ADP,723,Taylor Heinicke,K,QB
2025-K-chris-moore,2025,FantasyPros ADP,724,Chris Moore,K,WR
2025-K-nate-sudfeld,2025,FantasyPros ADP,725,Nate Sudfeld,K,QB
2025-K-tyler-boyd,2025,FantasyPros ADP,726,Tyler Boyd,K,WR
2025-K-jamal-agnew,2025,FantasyPros ADP,727,Jamal Agnew,K,WR
2025-K-pharaoh-brown,2025,FantasyPros ADP,728,Pharaoh Brown,K,TE
2025-K-royce-freeman,2025,FantasyPros ADP,729,Royce Freeman,K,RB
2025-K-john-kelly-jr,2025,FantasyPros ADP,730,John Kelly Jr,K,RB
2025-K-anthony-miller,2025,FantasyPros ADP,731,Anthony Miller,K,WR
2025-K-dante-pettis,2025,FantasyPros ADP,732,Dante Pettis,K,WR
2025-K-durham-smythe,2025,FantasyPros ADP,733,Durham Smythe,K,TE
2025-K-mike-white,2025,FantasyPros ADP,734,Mike White,K,QB
2025-K-ross-dwelley,2025,FantasyPros ADP,735,Ross Dwelley,K,TE
2025-K-phil-lutz,2025,FantasyPros ADP,736,Phil Lutz,K,WR
2025-K-tim-boyle,2025,FantasyPros ADP,737,Tim Boyle,K,QB
2025-K-trent-sherfield-sr,2025,FantasyPros ADP,738,Trent Sherfield Sr,K,WR
2025-K-khadarel-hodge,2025,FantasyPros ADP,739,KhaDarel Hodge,K,WR
2025-K-kelvin-harmon,2025,FantasyPros ADP,740,Kelvin Harmon,K,WR
2025-K-miles-boykin,2025,FantasyPros ADP,741,Miles Boykin,K,WR
2025-K-brett-rypien,2025,FantasyPros ADP,742,Brett Rypien,K,QB
2025-K-trenton-irwin,2025,FantasyPros ADP,743,Trenton Irwin,K,WR
2025-K-juwann-winfree,2025,FantasyPros ADP,744,Juwann Winfree,K,WR
2025-K-malik-taylor,2025,FantasyPros ADP,745,Malik Taylor,K,WR
2025-K-steven-sims-jr,2025,FantasyPros ADP,746,Steven Sims Jr,K,WR
2025-K-elijah-young,2025,FantasyPros ADP,747,Elijah Young,K,RB
2025-K-alex-bachman,2025,FantasyPros ADP,748,Alex Bachman,K,WR
2025-K-tom-kennedy,2025,FantasyPros ADP,749,Tom Kennedy,K,WR
2025-K-tyler-huntley,2025,FantasyPros ADP,750,Tyler Huntley,K,QB
2025-K-isaiah-hodgins,2025,FantasyPros ADP,751,Isaiah Hodgins,K,WR
2025-K-giovanni-ricci,2025,FantasyPros ADP,752,Giovanni Ricci,K,TE
2025-K-scotty-washington,2025,FantasyPros ADP,753,Scotty Washington,K,WR
2025-K-max-brosmer,2025,FantasyPros ADP,754,Max Brosmer,K,QB
2025-K-keyshawn-smith,2025,FantasyPros ADP,755,Key'Shawn Smith,K,WR
2025-K-patrick-herbert,2025,FantasyPros ADP,756,Patrick Herbert,K,TE
2025-K-laviska-shenault-jr,2025,FantasyPros ADP,757,Laviska Shenault Jr,K,WR
2025-K-trishton-jackson,2025,FantasyPros ADP,758,Trishton Jackson,K,WR
2025-K-bryce-perkins,2025,FantasyPros ADP,759,Bryce Perkins,K,QB
2025-K-kj-osborn,2025,FantasyPros ADP,760,K.J. Osborn,K,WR
2025-K-jalen-reagor,2025,FantasyPros ADP,761,Jalen Reagor,K,WR
2025-K-chase-claypool,2025,FantasyPros ADP,762,Chase Claypool,K,WR
2025-K-dj-uiagalelei,2025,FantasyPros ADP,763,DJ Uiagalelei,K,QB
2025-K-jamycal-hasty,2025,FantasyPros ADP,764,JaMycal Hasty,K,RB
2025-K-charlie-woerner,2025,FantasyPros ADP,765,Charlie Woerner,K,TE
2025-K-corey-kiner,2025,FantasyPros ADP,766,Corey Kiner,K,RB
2025-K-reggie-gilliam,2025,FantasyPros ADP,767,Reggie Gilliam,K,RB
2025-K-lawrence-cager,2025,FantasyPros ADP,768,Lawrence Cager,K,WR
2025-K-jacardia-wright,2025,FantasyPros ADP,769,Jacardia Wright,K,RB
2025-K-tarik-black,2025,FantasyPros ADP,770,Tarik Black,K,WR
2025-K-kenny-yeboah,2025,FantasyPros ADP,771,Kenny Yeboah,K,TE
2025-K-simi-fehoko,2025,FantasyPros ADP,772,Simi Fehoko,K,WR
2025-K-dez-fitzpatrick,2025,FantasyPros ADP,773,Dez Fitzpatrick,K,WR
2025-K-davis-mills,2025,FantasyPros ADP,774,Davis Mills,K,QB
2025-K-sam-ehlinger,2025,FantasyPros ADP,775,Sam Ehlinger,K,QB
2025-K-cornell-powell,2025,FantasyPros ADP,776,Cornell Powell,K,WR
2025-K-jacob-harris,2025,FantasyPros ADP,777,Jacob Harris,K,TE
2025-K-zach-davidson,2025,FantasyPros ADP,778,Zach Davidson,K,TE
2025-K-kene-nwangwu,2025,FantasyPros ADP,779,Kene Nwangwu,K,RB
2025-K-gary-brightwell,2025,FantasyPros ADP,780,Gary Brightwell,K,RB
2025-K-dee-eskridge,2025,FantasyPros ADP,781,Dee Eskridge,K,WR
2025-K-jaden-smith,2025,FantasyPros ADP,782,Jaden Smith,K,WR
2025-K-austin-trammell,2025,FantasyPros ADP,783,Austin Trammell,K,WR
2025-K-jack-stoll,2025,FantasyPros ADP,784,Jack Stoll,K,TE
2025-K-jaret-patterson,2025,FantasyPros ADP,785,Jaret Patterson,K,RB
2025-K-shane-zylstra,2025,FantasyPros ADP,786,Shane Zylstra,K,TE
2025-K-desmond-ridder,2025,FantasyPros ADP,787,Desmond Ridder,K,QB
2025-K-velus-jones-jr,2025,FantasyPros ADP,788,Velus Jones Jr,K,WR
2025-K-michael-woods,2025,FantasyPros ADP,789,Michael Woods,K,WR
2025-K-greg-dulcich,2025,FantasyPros ADP,790,Greg Dulcich,K,TE
2025-K-jelani-woods,2025,FantasyPros ADP,791,Jelani Woods,K,TE
2025-K-skylar-thompson,2025,FantasyPros ADP,792,Skylar Thompson,K,QB
2025-K-nick-muse,2025,FantasyPros ADP,793,Nick Muse,K,TE
2025-K-bailey-zappe,2025,FantasyPros ADP,794,Bailey Zappe,K,QB
2025-K-zonovan-knight,2025,FantasyPros ADP,795,Zonovan Knight,K,RB
2025-K-britain-covey,2025,FantasyPros ADP,796,Britain Covey,K,WR
2025-K-bo-melton,2025,FantasyPros ADP,797,Bo Melton,K,WR
2025-K-dareke-young,2025,FantasyPros ADP,798,Dareke Young,K,WR
2025-K-justyn-ross,2025,FantasyPros ADP,799,Justyn Ross,K,WR
2025-K-kaden-davis,2025,FantasyPros ADP,800,Kaden Davis,K,WR
2025-K-brandon-johnson,2025,FantasyPros ADP,801,Brandon Johnson,K,WR
2025-K-kevin-austin-jr,2025,FantasyPros ADP,802,Kevin Austin Jr,K,WR
2025-K-braylon-sanders,2025,FantasyPros ADP,803,Braylon Sanders,K,WR
2025-K-lucas-krull,2025,FantasyPros ADP,804,Lucas Krull,K,TE
2025-K-jashaun-corbin,2025,FantasyPros ADP,805,Jashaun Corbin,K,RB
2025-K-ronnie-rivers,2025,FantasyPros ADP,806,Ronnie Rivers,K,RB
2025-K-stone-smartt,2025,FantasyPros ADP,807,Stone Smartt,K,TE
2025-K-jake-briningstool,2025,FantasyPros ADP,808,Jake Briningstool,K,TE
2025-K-tucker-fisk,2025,FantasyPros ADP,809,Tucker Fisk,K,TE
2025-K-justin-shorter,2025,FantasyPros ADP,810,Justin Shorter,K,WR
2025-K-elijhah-badger,2025,FantasyPros ADP,811,Elijhah Badger,K,WR
2025-K-ketron-jackson-jr,2025,FantasyPros ADP,812,Ketron Jackson Jr,K,WR
2025-K-evan-hull,2025,FantasyPros ADP,813,Evan Hull,K,RB
2025-K-will-mallory,2025,FantasyPros ADP,814,Will Mallory,K,TE
2025-K-zach-evans,2025,FantasyPros ADP,815,Zach Evans,K,RB
2025-K-dresser-winn,2025,FantasyPros ADP,816,Dresser Winn,K,QB
2025-K-xavier-smith,2025,FantasyPros ADP,817,Xavier Smith,K,WR
2025-K-jake-haener,2025,FantasyPros ADP,818,Jake Haener,K,QB
2025-K-eric-gray,2025,FantasyPros ADP,819,Eric Gray,K,RB
2025-K-brock-lampe,2025,FantasyPros ADP,820,Brock Lampe,K,RB
2025-K-israel-abanikanda,2025,FantasyPros ADP,821,Israel Abanikanda,K,RB
2025-K-brayden-willis,2025,FantasyPros ADP,822,Brayden Willis,K,TE
2025-K-silas-bolden,2025,FantasyPros ADP,823,Silas Bolden,K,WR
2025-K-ben-wooldridge,2025,FantasyPros ADP,824,Ben Wooldridge,K,QB
2025-K-zavier-scott,2025,FantasyPros ADP,825,Zavier Scott,K,WR
2025-K-marcus-yarns,2025,FantasyPros ADP,826,Marcus Yarns,K,RB
2025-K-xavier-gipson,2025,FantasyPros ADP,827,Xavier Gipson,K,WR
2025-K-ben-vansumeren,2025,FantasyPros ADP,828,Ben VanSumeren,K,LB
2025-K-brady-russell,2025,FantasyPros ADP,829,Brady Russell,K,TE
2025-K-jordan-mims,2025,FantasyPros ADP,830,Jordan Mims,K,RB
2025-K-shedrick-jackson,2025,FantasyPros ADP,831,Shedrick Jackson,K,WR
2025-K-ajou-ajou,2025,FantasyPros ADP,832,Ajou Ajou,K,WR
2025-K-princeton-fant,2025,FantasyPros ADP,833,Princeton Fant,K,TE
2025-K-giles-jackson,2025,FantasyPros ADP,834,Giles Jackson,K,WR
2025-K-jj-galbreath,2025,FantasyPros ADP,835,JJ Galbreath,K,TE
2025-K-max-hurleman,2025,FantasyPros ADP,836,Max Hurleman,K,CB
2025-K-shunderrick-powell,2025,FantasyPros ADP,837,ShunDerrick Powell,K,RB
2025-K-elijah-cooks,2025,FantasyPros ADP,838,Elijah Cooks,K,WR
2025-K-blake-whiteheart,2025,FantasyPros ADP,839,Blake Whiteheart,K,TE
2025-K-thayer-thomas,2025,FantasyPros ADP,840,Thayer Thomas,K,WR
2025-K-malik-knowles,2025,FantasyPros ADP,841,Malik Knowles,K,WR
2025-K-roc-taylor,2025,FantasyPros ADP,842,Roc Taylor,K,WR
2025-K-johnny-lumpkin,2025,FantasyPros ADP,843,Johnny Lumpkin,K,TE
2025-K-brady-cook,2025,FantasyPros ADP,844,Brady Cook,K,QB
2025-K-rakim-jarrett,2025,FantasyPros ADP,845,Rakim Jarrett,K,WR
2025-K-ryan-miller,2025,FantasyPros ADP,846,Ryan Miller,K,WR
2025-K-junior-bergen,2025,FantasyPros ADP,847,Junior Bergen,K,WR
2025-K-jase-mcclellan,2025,FantasyPros ADP,848,Jase McClellan,K,RB
2025-K-casey-washington,2025,FantasyPros ADP,849,Casey Washington,K,WR
2025-K-devin-leary,2025,FantasyPros ADP,850,Devin Leary,K,QB
2025-K-erick-all-jr,2025,FantasyPros ADP,851,Erick All Jr,K,TE
2025-K-ryan-flournoy,2025,FantasyPros ADP,852,Ryan Flournoy,K,WR
2025-K-nick-kallerup,2025,FantasyPros ADP,853,Nick Kallerup,K,TE
2025-K-anthony-gould,2025,FantasyPros ADP,854,Anthony Gould,K,WR
2025-K-keilan-robinson,2025,FantasyPros ADP,855,Keilan Robinson,K,RB
2025-K-josh-williams,2025,FantasyPros ADP,856,Josh Williams,K,RB
2025-K-bub-means,2025,FantasyPros ADP,857,Bub Means,K,WR
2025-K-dante-miller,2025,FantasyPros ADP,858,Dante Miller,K,RB
2025-K-malachi-corley,2025,FantasyPros ADP,859,Malachi Corley,K,WR
2025-K-tip-reiman,2025,FantasyPros ADP,860,Tip Reiman,K,TE
2025-K-devin-culp,2025,FantasyPros ADP,861,Devin Culp,K,TE
2025-K-ryan-coe,2025,FantasyPros ADP,862,Ryan Coe,K,
2025-K-jarveon-howard,2025,FantasyPros ADP,863,Jarveon Howard,K,RB
2025-K-emory-jones,2025,FantasyPros ADP,864,Emory Jones,K,QB
2025-K-emani-bailey,2025,FantasyPros ADP,865,Emani Bailey,K,RB
2025-K-winston-wright,2025,FantasyPros ADP,866,Winston Wright,K,WR
2025-K-austin-reed,2025,FantasyPros ADP,867,Austin Reed,K,QB
2025-K-ian-wheeler,2025,FantasyPros ADP,868,Ian Wheeler,K,RB
2025-K-cole-burgess,2025,FantasyPros ADP,869,Cole Burgess,K,WR
2025-K-cam-grandy,2025,FantasyPros ADP,870,Cam Grandy,K,TE
2025-K-brevyn-spann-ford,2025,FantasyPros ADP,871,Brevyn Spann-Ford,K,TE
2025-K-blake-watson,2025,FantasyPros ADP,872,Blake Watson,K,RB
2025-K-thomas-yassmin,2025,FantasyPros ADP,873,Thomas Yassmin,K,TE
2025-K-isaiah-williams,2025,FantasyPros ADP,874,Isaiah Williams,K,WR
2025-K-kedon-slovis,2025,FantasyPros ADP,875,Kedon Slovis,K,QB
2025-K-mason-tipton,2025,FantasyPros ADP,876,Mason Tipton,K,WR
2025-K-xavier-weaver,2025,FantasyPros ADP,877,Xavier Weaver,K,WR
2025-K-david-martin-robinson,2025,FantasyPros ADP,878,David Martin-Robinson,K,TE
2025-K-jabari-small,2025,FantasyPros ADP,879,Jabari Small,K,RB
2025-K-tanner-mordecai,2025,FantasyPros ADP,880,Tanner Mordecai,K,QB
2025-K-cody-schrader,2025,FantasyPros ADP,881,Cody Schrader,K,RB
2025-K-kameron-johnson,2025,FantasyPros ADP,882,Kameron Johnson,K,WR
2025-K-sam-hartman,2025,FantasyPros ADP,883,Sam Hartman,K,QB
2025-K-british-brooks,2025,FantasyPros ADP,884,British Brooks,K,RB
2025-K-shawn-bowman,2025,FantasyPros ADP,885,Shawn Bowman,K,TE
2025-K-alex-hale,2025,FantasyPros ADP,886,Alex Hale,K,
2025-K-jahmal-banks,2025,FantasyPros ADP,887,Jahmal Banks,K,WR
2025-K-jackson-hawes,2025,FantasyPros ADP,888,Jackson Hawes,K,TE
2025-K-kayron-lynch-adams,2025,FantasyPros ADP,889,Kayron Lynch-Adams,K,RB
2025-K-deion-hankins,2025,FantasyPros ADP,890,Deion Hankins,K,RB
2025-K-quali-conley,2025,FantasyPros ADP,891,Quali Conley,K,RB
2025-K-jamoi-mayes,2025,FantasyPros ADP,892,Jamoi Mayes,K,WR
2025-K-luke-floriea,2025,FantasyPros ADP,893,Luke Floriea,K,WR
2025-K-ahmani-marshall,2025,FantasyPros ADP,894,Ahmani Marshall,K,RB
2025-K-rivaldo-fairweather,2025,FantasyPros ADP,895,Rivaldo Fairweather,K,TE
2025-K-traeshon-holden,2025,FantasyPros ADP,896,Traeshon Holden,K,WR
2025-K-courtney-jackson,2025,FantasyPros ADP,897,Courtney Jackson,K,WR
2025-K-caleb-lohner,2025,FantasyPros ADP,898,Caleb Lohner,K,TE
2025-K-amar-johnson,2025,FantasyPros ADP,899,Amar Johnson,K,RB
2025-K-micah-bernard,2025,FantasyPros ADP,900,Micah Bernard,K,RB
2025-K-graham-mertz,2025,FantasyPros ADP,901,Graham Mertz,K,QB
2025-K-nick-vannett,2025,FantasyPros ADP,902,Nick Vannett,K,TE
2025-K-gerald-everett,2025,FantasyPros ADP,903,Gerald Everett,K,TE
2025-K-dj-chark-jr,2025,FantasyPros ADP,904,DJ Chark Jr,K,WR
2025-K-mike-boone,2025,FantasyPros ADP,905,Mike Boone,K,RB
2025-K-malik-turner,2025,FantasyPros ADP,906,Malik Turner,K,WR
2025-K-john-wolford,2025,FantasyPros ADP,907,John Wolford,K,QB
2025-K-myles-gaskin,2025,FantasyPros ADP,908,Myles Gaskin,K,RB
2025-K-will-grier,2025,FantasyPros ADP,909,Will Grier,K,QB
2025-K-andy-isabella,2025,FantasyPros ADP,910,Andy Isabella,K,WR
2025-K-hunter-long,2025,FantasyPros ADP,911,Hunter Long,K,TE
2025-K-ihmir-smith-marsette,2025,FantasyPros ADP,912,Ihmir Smith-Marsette,K,WR
2025-K-kawaan-baker,2025,FantasyPros ADP,913,Kawaan Baker,K,WR
2025-K-quintin-morris,2025,FantasyPros ADP,914,Quintin Morris,K,TE
2025-K-brandon-smith,2025,FantasyPros ADP,915,Brandon Smith,K,WR
2025-K-adam-prentice,2025,FantasyPros ADP,916,Adam Prentice,K,RB
2025-K-shane-buechele,2025,FantasyPros ADP,917,Shane Buechele,K,QB
2025-K-michael-bandy,2025,FantasyPros ADP,918,Michael Bandy,K,WR
2025-K-sal-cannella,2025,FantasyPros ADP,919,Sal Cannella,K,TE
2025-K-michael-jacobson,2025,FantasyPros ADP,920,Michael Jacobson,K,TE
2025-K-jake-tonges,2025,FantasyPros ADP,921,Jake Tonges,K,TE
2025-K-montrell-washington,2025,FantasyPros ADP,922,Montrell Washington,K,WR
2025-K-james-mitchell,2025,FantasyPros ADP,923,James Mitchell,K,TE
2025-K-samori-toure,2025,FantasyPros ADP,924,Samori Toure,K,WR
2025-K-teagan-quitoriano,2025,FantasyPros ADP,925,Teagan Quitoriano,K,TE
2025-K-lance-mccutcheon,2025,FantasyPros ADP,926,Lance McCutcheon,K,WR
2025-K-erik-ezukanma,2025,FantasyPros ADP,927,Erik Ezukanma,K,WR
2025-K-kevin-harris,2025,FantasyPros ADP,928,Kevin Harris,K,RB
2025-K-irvin-charles,2025,FantasyPros ADP,929,Irvin Charles,K,WR
2025-K-chris-oladokun,2025,FantasyPros ADP,930,Chris Oladokun,K,QB
2025-K-ko-kieft,2025,FantasyPros ADP,931,Ko Kieft,K,TE
2025-K-kendric-pryor,2025,FantasyPros ADP,932,Kendric Pryor,K,WR
2025-K-zaire-mitchell-paden,2025,FantasyPros ADP,933,Zaire Mitchell-Paden,K,TE
2025-K-malik-davis,2025,FantasyPros ADP,934,Malik Davis,K,RB
2025-K-dennis-houston,2025,FantasyPros ADP,935,Dennis Houston,K,WR
2025-K-aaron-shampklin,2025,FantasyPros ADP,936,Aaron Shampklin,K,RB
2025-K-xavier-johnson,2025,FantasyPros ADP,937,Xavier Johnson,K,WR
2025-K-jack-plummer,2025,FantasyPros ADP,938,Jack Plummer,K,QB
2025-K-brenden-bates,2025,FantasyPros ADP,939,Brenden Bates,K,TE
2025-K-treyton-welch,2025,FantasyPros ADP,940,Treyton Welch,K,TE
2025-K-jason-bean,2025,FantasyPros ADP,941,Jason Bean,K,QB
2025-K-joshua-cephus,2025,FantasyPros ADP,942,Joshua Cephus,K,WR
2025-K-carter-bradley,2025,FantasyPros ADP,943,Carter Bradley,K,QB
2025-K-steven-stilianos,2025,FantasyPros ADP,944,Steven Stilianos,K,TE
2025-K-john-jiles,2025,FantasyPros ADP,945,John Jiles,K,WR
2025-K-john-rhys-plumlee,2025,FantasyPros ADP,946,John Rhys Plumlee,K,QB
2025-K-mason-pline,2025,FantasyPros ADP,947,Mason Pline,K,TE
2025-K-michael-wiley,2025,FantasyPros ADP,948,Michael Wiley,K,RB
2025-K-neal-johnson,2025,FantasyPros ADP,949,Neal Johnson,K,TE
2025-K-drake-stoops,2025,FantasyPros ADP,950,Drake Stoops,K,WR
2025-K-hayden-rucci,2025,FantasyPros ADP,951,Hayden Rucci,K,TE
2025-K-jaelen-gill,2025,FantasyPros ADP,952,Jaelen Gill,K,WR
2025-K-kevin-foelsch,2025,FantasyPros ADP,953,Kevin Foelsch,K,TE
2025-K-georquarius-spivey,2025,FantasyPros ADP,954,Geor'Quarius Spivey,K,TE
2025-K-joshua-simon,2025,FantasyPros ADP,955,Joshua Simon,K,TE
2025-K-lucas-scott,2025,FantasyPros ADP,956,Lucas Scott,K,RB
2025-K-kelly-akharaiyi,2025,FantasyPros ADP,957,Kelly Akharaiyi,K,WR
2025-K-keleki-latu,2025,FantasyPros ADP,958,Keleki Latu,K,TE
2025-K-hal-presley,2025,FantasyPros ADP,959,Hal Presley,K,WR
2025-K-bryce-pierre,2025,FantasyPros ADP,960,Bryce Pierre,K,TE
2025-K-rashod-owens,2025,FantasyPros ADP,961,Rashod Owens,K,WR
2025-K-payton-thorne,2025,FantasyPros ADP,962,Payton Thorne,K,QB
2025-K-gage-larvadain,2025,FantasyPros ADP,963,Gage Larvadain,K,WR
2025-K-jaseem-reed,2025,FantasyPros ADP,964,Ja'seem Reed,K,WR
2025-K-josh-kelly,2025,FantasyPros ADP,965,Josh Kelly,K,WR
2025-K-tyler-neville,2025,FantasyPros ADP,966,Tyler Neville,K,TE
2025-K-joaquin-davis,2025,FantasyPros ADP,967,Joaquin Davis,K,WR
2025-K-jerjuan-newton,2025,FantasyPros ADP,968,Jerjuan Newton,K,WR
2025-K-kyrese-rowan,2025,FantasyPros ADP,969,Kyrese Rowan,K,WR
2025-K-zach-horton,2025,FantasyPros ADP,970,Zach Horton,K,TE
2025-K-jakobie-keeney-james,2025,FantasyPros ADP,971,Jakobie Keeney-James,K,WR
2025-K-jackson-meeks,2025,FantasyPros ADP,972,Jackson Meeks,K,WR
2025-K-anthony-tyus,2025,FantasyPros ADP,973,Anthony Tyus,K,RB
2025-K-drake-dabney,2025,FantasyPros ADP,974,Drake Dabney,K,TE
